cgm_1st_quartile,cgm_3rd_quartile,cgm_above_140,cgm_above_180,cgm_above_250,cgm_below_54,cgm_below_70,cgm_in_range_63_140,cgm_in_range_70_180,cgm_adrr,cgm_auc,cgm_cogi,cgm_conga,cgm_cv,cgm_cv_measures_mean,cgm_cv_measures_sd,cgm_ea1c,cgm_gmi,cgm_grade,cgm_grade_eugly,cgm_grade_hyper,cgm_grade_hypo,cgm_gvp,cgm_hbgi,cgm_hyper_index,cgm_hypo_index,cgm_igc,cgm_iqr,cgm_j_index,cgm_lbgi,cgm_m_value,cgm_mad,cgm_mag,cgm_mage,cgm_mean,cgm_median,cgm_modd,cgm_range,cgm_sd,cgm_sd_roc,cgm_sdb,cgm_sdbdm,cgm_sddm,cgm_sdhhmm,cgm_sdw,cgm_sdwsh
82.8,97.2,0.2425222312045271,0.0,0.0,0.0,0.9700889248181084,4.688763136620857,97.73645917542441,95.31123686337915,16.4515440671577,90.8237252225378,0.8671517111290757,16.370357313648118,14.832645424227445,12.972844308559463,3.0109015947955484,4.778986476780116,5.473729332255457,0.8126196906051982,56.76194731060649,1.9574410334121464,59.294327664037404,1.092741468129315,0.017011820195767777,0.001061938204908699,0.7819196981945569,0.7829816363994656,14.400000000000006,10.789821355730696,2.606340321422368,0.5849936709562584,10.674720000000004,11.124271844660194,29.585714285714285,90.0,12.242666666666667,118.80000000000001,13.417153001398665,0.4662157722760693,11.691940202460156,10.321973202371337,5.411486974515355,5.659582804777734,11.663629644795215,5.750039513744832
73.8,91.8,0.7211538461538461,0.0,0.0,0.2403846153846154,9.615384615384617,98.5576923076923,90.38461538461539,13.196389371275067,84.87629395885014,0.7275641025641025,19.585774082998345,18.8327706935594,17.5236708102775,4.526840336484746,4.58446127043688,5.340187,1.104212669987716,64.3651792517433,4.169801064116426,68.71303710592717,1.0695153614606436,0.04757899751880906,0.002725133471319998,1.0960384615384615,1.0987635950097816,18.0,10.172370759001868,4.03846959231217,0.7960334237814848,10.674720000000004,10.465384615384616,40.59,84.87403846153846,81.0,14.215464813205907,111.6,15.984133041824949,0.4967696784433841,13.124840276446763,12.832187569375277,3.0396012926542193,7.93758623349112,14.90172611735326,4.780019412903988
90.0,117.0,10.677083333333332,0.26041666666666663,,0.0,89,89.32291666666666,99.73958333333334,11.147202938275617,106.51354736842106,0.9914856269226039,26.581181401467866,21.022964590369607,20.41826869049248,5.9514478143154745,5.327689459930315,5.850416125000001,1.6154627372546376,53.41794514752121,46.5820548524788,3.4593666247790567,1.60968440923621174,0.4696081110268464,0.06486081499718287,0.05330902777777777,8.11816984277496063,27.0,16.520498793964427,1.072570134891117,2.095721347045698,16.612080000000015,14.90625,60.75,106.2046875,100.8,19.693379790940767,111.59999999999998,22.3273738464377,0.48602517675625084,18.357457265599347,17.883660513256245,3.010750101127986,12.791681096054495,21.640433447612025,6.201510775219965
82.8,97.2,0.08012820512820512,0.0,0.0,1.0416666666666665,3.205128205128205,97.59615384615384,96.7948717948718,12.737282867692947,90.7153936232307,0.9091880341880342,14.011671925802082,13.96121092699833,12.157721396170952,3.628464888087362,4.784876708657197,5.477773,0.7202811068505495,58.01058549944346,.5763632936194035,56.11121112227126,1.0624656732332778,0.01575680361154696,9.748328382003153e-06,0.6648952991452991,0.6649050474736811,14.40000000000,9.4,2692307692387,30.2,5901639344265,96.6,596153846154,98.0,10.830964378801042,97.26000000000002,12.652481645004997,0.3780059952245333,10.398524584199402,9.155372902182245,4.928361582692164,6.493703364147458,10.942346287186089,4.58593591557859,
73.8,93.60000000000001,1.201923076923077,0.0,0.0,0.0,7.051282051282051,98.3974358974359,92.94871794871796,11.541891185625763,85.66338191303079,0.8002136752136753,19.399146323279226,19.423750926775384,18.3939735270498,3.407418959704902,4.61270436880193,5.359576000000001,1.6603596867530118,71.8982276239168,7.7286398214428775,63.15903005532496,1.078285137532389,0.0633021513746068,0.006284042515158021,0.89278952991453,0.899073572429688,19.80000000000001,10.470974899351958,3.8770249095512814,.7721049789136172,10.674719999999983,11.503846153846153,41.094339622641506,85.68461538461538,79.2,13.462728062554302,109.80000000000001,16.643166274873153,0.4320473662377588,12.071062447117523,11.779221564645011,3.065158245861196,9.621411641124949,15.807175906698196,5.2428223830889005
97.2,111.60000000000001,2.323717948717949,0.08012820512820512,0.0,0.0,0.0,97.67628205128204,99.9198717948718,4.996507013327746,106.00064752663067,0.9995993589743589,16.457991089784983,12.521902030719293,10.962930899130344,2.514495068214545,5.319987938890378,5.845129,1.1631878359456096,87.0214208410033,12.978579158996686,0.24963351266118552,1.0630427097644084,0.14011705455467727,0.009780058552243462,0.0021047008547008562,0.011884759406944318,14.400000000000006,14.221712844381763,0.5067288258195572,0.9628041237013059,10.674720000000026,9.266538461538463,30.136271186440677,105.98365384615384,102.600000000000,1,11.8169303192044,0.38390125293307414,11.72505460667948,10.648601013751025,5.218376646105721,4.9212087219394665,11.665499950910059,4.537647728306598,
93.60000000000001,109.8,3.5590277777777777,0.0,0.0,0.0,0.0,96.44097222222221,100.0,5.300547381294525,103.18853086568603,1.0,17.77096036650791,13.730951147613633,12.72171800768481,2.6410022991171482,5.22615418118467,5.78071175,8.9880524578823698,77.80682947716929,22.193170522830698,0.7069964753265595,1.0698613901872847,0.14764749057875307,0.010922477398422512,0.005268518518518515,0.016190995916941626,16.19999999999999,13.880002117835813,0.7279887014742852,0.8774949875981832,8.006039999999986,9.010416666666666,34.3125,103.290625,99.0,12.327582938388625,91.8,14.182785258814793,0.4086899685210021,10.57246827113309,9.534598848957664,3.8492516236597036,7.9214987916238515,13.103160277640736,4.605950040222303
70.2,91.8,0.0,0.0,0.0,2.0080321285140563,19.759036144578314,91.4859437751004,80.24096385542168,21.518621751774976,81.9173272654312,0.5512048192771084,17.757088379157466,18.953813333174487,17.98413862917433,2.8511833254780212,4.479954661852987,5.268442795180723,1.8015222769550845,31.205498111437652,0.0,88.22034577371628,1.1061494539584356,0.008199276639897703,0.0,2.782477108433735,21.599999999999994,9.485411325186,8,.87469879518072,7,.2,13.708357949609,36,95.399999999999,8,15.5183775767374,6,0.5042452306855301,13.377606714592762,12.550939523787433,4.917400858187143,7.931564601035449,14.654112047543572,6.263574294964353,
77.39999999999999,95.39999999999999,0.2403846153846154,0.0,0.0,0.0,2.2435897435897436,99.75961538461539,97.75641025641025,8.410244215217652,87.38496023639281,0.9364316239316239,15.550619425242994,14.840331496907783,13.29990182519405,2.7512017949518675,4.676879522916108,5.4036325000000005,8.6440326059422848,87.91708555036244,2.350759245298597,55.30666928759117,1.0694378479974926,0.017179565077682958,0.0008414246729611746,0.3880331196581197,0.3888745443310809,18.0,10.103397200340112,3.02635889920353,0.3760682812626258,10.674720000000026,8.63653846153846,31.969180327868852,87.5264423076923,84.60000000000001,11.83840139009557,89.99999999999999,12.989214185911282,0.40161260426455236,10.746935663013643,9.951292299557531,4.009971064069744,6.059415190507237,11.644600646258501,4.729881974966411
86.39999999999999,102.60000000000001,1.6839378238341969,0.0,0.0,0.0,0.6476683937823834,98.05699481865285,99.35233160621762,6.666515546093961,96.54832105263158,0.9816493955094991,13.262760286630538,13.751846692697397,13.065324565952132,2.4839760248110974,4.994114567348486,5.621415626943005,0.6366756546780971,79.4427476539128,16.00745521330055,7.512450158132129,1.0529919778380177,0.06016170462712494,0.004571071377607736,0.06439378238341037,,10.674720000000026,9.655000000000001,,9.493333333333332,,6.63108808290156,93.60000000000001,9.556900149031296,97.19999999999999,13.288559090646007,0.34402660248909744,8.659159021485024,8.380430606876754,2.428140081569772,9.494495806578668,12.628677219794897,4.3738721412733685,,
120.60000000000001,144.0,32.18298555377207,4.975922953451043,0.0,0.16051364365971107,0.4815409309791332,67.57624398073835,94.54253611556982,14.766025033678543,133.60983784473953,0.9522676448835486,26.793749538821743,17.625428229502027,16.219501414771024,4.403403479191807,6.27785638782781,6.502709521669342,4.448703570303514,41.719081997874554,57.551808191995704,0.842373515345134,1.1615545559336444,1.748283640767511,0.3000589018575264,0.069171749598715,7.274373735891506,16.,12079999999994,16.288846153846155,54.81152542372881,133.47447833065812,127.8,18.048792354474372,196.20000000000002,23.52544838287238,0.6606423730502939,18.012537483904943,16.667941261261078,6.734085557654966,13.158445339659718,21.531365616557377,7.9337477653830675,,,
84.60000000000001,106.2,5.769230769230769,0.0,0.0,0.0,0.4006410256410256,94.23076923076923,99.59935897435898,9.246690972413823,98.19236721144024,0.9855090224138445,25.65000403347702,20.251229458124786,18.825546000751636,4.0888846371543766,5.048261190029484,5.6585875,1.0576262622572716,61.73091575750266,37.031363292962105,7.030502219338662,1.0658576664740256,0.24909749941785314,0.029509815095126964,0.049243589743589763,0.07875340483871,73,21.599999999999,12.16423076923077,55.,3818181818182,98.1,509615384616,91.8,,8.08330147697654,109.8,19.88368911579584,0.39318627816058344,15.875374969101863,15.239599680215287,4.889802221426699,10.235501143125651,18.62107416843148,4.7184872404317355
102.60000000000001,118.8,6.25,0.26041666666666663,0.0,0.0,0.607638888888889,93.40277777777779,99.13194444444444,8.799012578054654,111.04873643597782,0.9814814814814815,17.564373222669143,14.96835982261877,13.727432811824029,3.5709897260010672,5.4937935540069684,5.96444725,1.7708087266836523,73.80894731375382,24.06659516604836,3.081787066357887,1.0877159632275006,0.3087639103769939,0.03297056176019146,0.09406828703703704,0.1270388487972285,16.19999999999999,16.277305674339264,0.46713568198911,1.7752358164823165,10.674720000000004,11.375833333333334,40.70204081632653,110.971875,108.0,13.282578199052132,140.4,16.610669551906724,0.4615849698298251,12.468356672165719,11.167971382079237,4.962029755597884,10.362872927366201,15.181335700167724,5.527455288974938
75.60000000000001,95.39999999999999,1.9230769230769231,0.24020461520461540042908128295128205,7.051282051282051,96.9551282051282,92.70833333333334,13.250156586257491,87.88481996935649,0.7975822263861831,22.168568282806174,21.484270851728994,19.981618892700673,3.903526880405235,4.685523318145269,5.4095665,1.1877053677494038,64.2097817423988,12.994620221542451,55.90373150429353,1.0772107871750485,0.11672921462619423,0.0179669141346701,7,0.9338653846122,1.,137240698974546,13.343399999999999,11.21923076923077,50.,4918918918919,87.77451923076923,82.8,14.882397914856647,142.2,18.857715450341413,0.44045152261346754,14.169681831625965,13.445088138889899,4.955234706079589,10.701023534684342,17.676481996199318,4.966280474283721,,,
70.2,93.60000000000001,0.0835421888053467,0.0,0.0,,79.36507936507937,18.53931889702738,82.85018423402273,0.5468253968253969,19.10402274034077,19.598061726581808,16.018775906792225,1.8313378267611586,4.493908988499123,5.2780224962406015,1.88979860885792471,29.078340163813042,0.24031091230215176,87.10971536241088,1.1278769929590795,0.013789832616158832,6.629023273740948e-05,2.848952380952381,2.849018671185118,23.400000000000006,9.682467522706608,5.120315615609563,1.5612245740958544,16.012079999999994,13.3904,36.451139240506336,82.27518796992481,79.2,14.540347349177331,100.80000000000001,16.124342124607075,0.5590081544641297,14.822275394363727,11.834761857390758,9.939690417468194,5.47533461524987,12.988803731319463,6.983519505715535,,
70.2,82.8,0.0,0.0,0.0,1.842948717948718,24.83974358974359,90.14423076923077,75.16025641025641,15.575740257567352,76.95481650372099,0.5258012820512821,12.184490375223938,15.276468983239146,12.69899204555805,2.869281436483764,4.308111096220852,5.1504715,1.8427595126817937,27.687398540428276,0.0,95.86030870906377,1.0452013165574239,0.000324033120447717,0.0,3.11767094017094,3.11767094017094,12.599999999999994,7.867145333896965,6.97842596296593,1.4330960222759372,10.674719999999983,7.329230769230769,26.838367346938774,6.94278846153846756000000000001,9.270547350130322,75.60000000000001,11.754141214166232,0.3171652145307262,10.096232024751018,8.296189030594716,5.985492668858564,5.0801299330278,9.687130130820798,3.823271137719058,
88.2,106.2,0.6944444444444444,0.0,0.0,0.0,1.8229166666666667,98.78472222222221,98.17708333333334,8.212048212231123,98.4314323607427,0.9483506944444445,14.469024044106853,13.853954719268755,12.87251823813971,4.007968228154375,5.050577090592335,5.660177375,0.7775532439309506,85.25262047674063,5.694191858152913,13.02583503868644,1.09474655824838,0.05593103838388084,0.0026513725701355125,0.16481365740740744,0.16746502997754295,18.0,12.513395533224541,1.3183503201162003,0.5512281320078368,10.674720000000026,10.092500000000001,,95.39999999999999,10.928985781990523,108.0,13.611726979724041,0.48085007029326005,10.292992629145866,10.012946015952794,2.0309392673209414,8.321276195905591,12.620813063672552,5.516486858963468,
95.39999999999999,111.60000000000001,1.6025641025641024,0.0,0.0,0.0,0.16025641025641024,98.3173076923077,99.83974358974359,7.001956058000034,103.2978551364366,0.9954594017094017,15.102722540616922,12.790056142467106,11.355936060492702,1.586822274084384,5.232896676494238,5.7853405,1.0153864937426786,89.71493108558059,9.414282742002156,2.272168988694538,1.1044481098670984,0.09081625036248925,0.0038791262020963268,0.03033547008547068,0.03421459628756641,16.200000000000017,13.623514870767096,0.7456723514400094,0.7601466752550434,13.343399999999999,10.576538461538462,31.745454545454546,103.48413461538462,102.60000000000001,11.068149435273675,99.0,13.235678915853931,0.5046774146911731,11.241273582087032,9.659143272537639,5.855683719949887,6.378380186865501,11.707326848459022,5.852591729456988
93.60000000000001,113.39999999999999,1.3888888888888888,0.0,0.0,0.0,0.3472222222222222,98.61111111111111,99.65277777777779,7.3925118983729945,103.26496780684104,0.9901620370370371,12.739859736310063,14.218845565779128,13.163275023837532,1.84941999414710,5.233231707317074,5.7855705,1.1052544908329558,91.49007416346103,7.723766295312466,3.765280503090504,1.073618975041616,0.10862948249011534,0.0041691592880863815,0.04793055555555557,0.05209971484364,93.343399999999999,12.250000000000004,32.928000000000004,10,.49375,100.8,10.750994764397907,84.60000000000001,14.715616482733537,0.41402117050733833,9.470064457482756,8.518855101468029,4.68109247799798,11.338988241554238,13.667942017404096,5.210875022248478,,,
70.2,84.60000000000001,0.0,0.0,0.0,0.0,23.878205128205128,94.71153846153845,76.12179487179486,10.750748148478838,77.8924784765796,0.5306089743589743,14.315653860612885,13.260335834517456,10.346972461977025,3.1649026540795036,4.335751139104798,5.1694465,1.3560998595546552,33.56153115277922,0.0,95.00273751525118,1.030271709911038,0.0005480599403833225,0.0,2.178732905982906,2.1700000000000066,7.751767067775664,5.506248137211946,0.933,210099641758,077,77.39999999999,99,10.40559513466,509,66.6,10.30806,314514242,0.2603615130801952,9.882767315315798,7.92040195054404,6.036102249988889,2.5942552283790365,8.066993643529074,2.744469149954997
88.2,102.60000000000001,0.9548611111111112,0.0,0.0,0.0,0.0,99.04513888888889,100.0,5.132921294944176,96.83195563057632,1.0,16.01356618122638,12.25286680740392,10.861902801695251,4.0524873278550295,5.00206881533101,5.6268762500000005,8.5491045133419583,88.04821370393883,11.951786296061169,3.685293569835113,1.0409970606828465,0.05135543538166037,0.0051669123883890805,0.012233796296296288,0.01740070868468537,14.400000000000006,11.821652992629549,1.255750018086,257,0.38417272727,96.85,375,95.39999999999,99,11.573800947867298,97.20000000000002,11.86805020923389,0.30672986660491486,10.364501150409277,9.734141602278843,3.388527302902692,4.3392157136980805,10.51309872393303,3.5531874363088884
77.39999999999999,91.8,0.0,0.0,0.0,0.08012820512820512,5.048076923076923,99.03846153846155,94.95192307692307,9.842082722502715,84.88426838610827,0.8569711538461537,11.604276104299167,12.884409372610694,11.76980119731689,2.1125441680568264,4.5795865719646205,5.3368405,0.6494459367181608,69.31248171166277,0.0,75.57977365958574,1.0417396012091786,0.0010928236944610387,0.0,0.6178696581196581,14.400000000000006,9.149233823803526,3.485465003687863,0.3694450111017873,,0.674719999692307,84.73413461538462,,2.8,8.761459600347523,75.6,10.917492782185178,0.3018178011028535,8.509349549906888,7.6443639613820205,3.4617546437570996,6.007277288669148,9.938163349997605,3.69248680768957,
91.8,117.0,7.419354838709677,0.16129032258064516,0.0,0.564516129032258,4.67741935483871,90.56451612903226,95.16129032258065,14.532178190904517,105.147477999146,0.8601241380871396,24.098659755867356,20.879231896441176,19.137632381298108,4.415265322470563,5.286102056873104,5.821866206451613,1.8201114917738261,55.68343818868781,28.046718318739128,18.925508577428296,1.1398118916499422,0.35473823433305995,0.040413118649746275,0.6197763440860216,0.6601894627357678,25.200000000000003,16.11291214341998,1.4679312193278011,2.014796093062881,18.680759999999992,16.227096774193548,50.88813559322034,,,21.925517147716224,0.5911789547722972,17.778662245781664,15.62262439598054,7.863263590123015,11.876412904651866,19.839940824332682,7.649062523183777,,
95.39999999999999,109.8,1.0416666666666665,0.0,0.0,0.0,0.0,98.95833333333334,100.0,4.612426436315052,103.60310163973958,1.0,12.977447419758452,10.995939308133709,9.960877537246562,2.109158520374141,5.238185975609756,5.788971625,0.9327963751350528,93.92876622982403,6.071233770175981,0.18821689087593915,1.059105791879837,0.06364320100935222,0.000857824752853628,8.0011493055555555564,0.0020071303084091847,14.400000000000006,13.232287930217968,0.6012040041006841,0.6313195,103.6359,75,102.60000000000,01,9.725687203791,7,73.8,11.395744788915383,,7.90904184370787,3.3450936077244315,6.245241447882679,10.323483474752063,4.371080157687282,
79.2,91.8,0.0,0.0,0.0,0.0,0.1736111111111111,190.0,99.82638888888889,6.935540702551658,86.36635760790934,0.9959810185185185,8.783013733922802,10.172903589169499,9.690650329115412,1.562551931919075,4.6378484320557485,5.376837500000001,6.35110405561063496,98.61322335297932,0.0,61.31964973100427,1.0355389801482848,0.0005871245968577694,0.0,0.1598587962962963,0.1598587962962963,12.5999999999994,9.062330680110488,2.838750154332836,0.1548694498778543,8.006040000000008,6.081250000000001,1.62945971563981,5,79999999,999988.79002450751677,0.27729698545977544,6.03490640066261,,5.938919782334377,8.374228251599856,3.3078350534195327,,,
95.39999999999999,111.69090000000001,2.644230769230769,0.0,0.0,0.0,0.0,97.35576923076923,100.0,5.19327580056563,105.25127407704655,1.0,19.06298436818247,13.566035960223443,12.58620849817324,2.9431200906538453,5.292398150629857,5.8261885,1.1552931065933223,85.74817986274215,14.251820137257853,,0.008611291302372698,8.00717307692307693,0.015784368225449628,16.200000000000017,14.2712143595199062,9971212663018,679,105.19182692307,92,102.60000000000,01,14.305647263249348,93.60000000000001,14.270361067600621,0.3694139520320434,12.801719191680506,12.165910362286091,3.8519803883089367,5.306221390092265,13.218403806901794,4.50598460603576,,,
91.35,106.2,6.041666666666667,0.10416666666666667,0.0,0.0,0.10416666666666667,93.95833333333333,99.79166666666667,8.826099386378978,102.22360428665161,0.9961340773845666,26.63823021128416,17.866495445795266,16.235544901796256,5.294970893492183,5.183601916376307,5.75149945,1.6065695871761186,,1.0874382490256498,0.27475387847461646,0.04203104335462576,0.016706944444444434,0.0587379877990702,,1.0414947339039389,1.2699027774202376,0.674720000000004,11.243500000000001,4547225806451613,102.069375,97.2,17.294183082271147,118.8,18.23622023592669,0.46583119071812557,16.007075886255205,15.799474524986536,3.8545026069219666,6.530293122553669,16.70288902756311,5.278414702899564,,,
91.8,198.0,4.487179487179487,00,0.0,0.0,0.16025641025641024,95.4326923076923,99.83974358974359,7.33379585004385,102.75327119509704,0.9954594017094017,22.270470071697396,15.903855180836224,14.592248622620593,4.17804339762857,5.209478021978022,5.7692635,1.041274809253662,69.81178125291862,29.226984807491814,1.46758505178027,1.0750293505177786,0.21100677448724028,0.022949522949808426,0.025442307692307677,0.04839183064211611,16.200000000000003,14.199842942511323,0.8823122965069502,1.0891091289645967,8.006040000000008,.917307692307695,43.098461538461535,102.81201923076922,97.2,15.255430060816682,116.99999999999997,16.351074646955027,0.42430577700495153,13.518527434921172,12.92559374219733,4.505946092526909,7.196136420523567,15.015632216088932,4.8455986930572434
75.60000000000001,91.8,0.3205128205128205,0.0,0.0,0.0,9.214743589743591,99.11858974358975,90.78525641625641,12.174912165711995,85.35828086239603,0.7389155982905983,19.191097020964026,16.733628060502717,15.026410785715044,4.313541755506844,4.602452425623158,5.352538,0.9121070775517919,64.31419135551553,2.1150029873101674,68.96273399621488,1.079082704187658,0.023391028279178466,0.0008511730013431777,0.9088985042735042,0.9097496772748473,16.19999999999999,9.935961647624763,3.712465383143533,0.5980772718323718,,36.66461538461539,8539038461538462,82.8,13.918331885317116,9719999999999999,14.288909360971195,0.4356091937242827,12.977160076432455,12.246963853751607,4.432560318135628,4.687394145052046,12.873177869321973,5.065438754709744,
106.2,133,20000000000002,16.145833333333336,1.215277777777778,0.0,0.3472222222222222,0.8680555555555556,83.33333333333334,97.91666666666666,12.921253643702098,120.52059620596206,0.9641640231927877,27.02048471266419,17.523472340563824,15.979457634925236,4.782434953730137,5.822408536585367,6.19004275,2.9244488765759837,57.372714199791105,39.92426865111208,3.074875193649485,1.1806972252155126,0.8161569209740347,0.10844836862819454,0.170219907407407,4,0.2525451230786,173,6420000000002,16.4,2499999999998,48.,6875,120.403125,117.9,21.34446764091858,151.20000000000002,21.09880830654949,0.6957156329246614,19.422852147176375,16.919675407038635,9.084959172340218,9.803247716418966,
77.39999999999999,91.8,0.2849002849002849,0.0,0.0,0.4748338081671415,7.21747388414055,98.10066476733144,92.78252611585945,12.557205596559522,85.97808434360111,0.7955049066160178,18.353944652161843,16.6744147827702,15.955948843981762,2.4840821109623987,4.618154203520057,5.363317333333333,0.9202663008811373,62.96451670164932,1.7359137057267173,67.88190813580154,1.1162918914119055,0.623973742785234453,0.00036959873123358503,0.9015713833491611,0.9019409820803946,14.400000000000006,10.03092673671093,3.62003539556589,0.6355102123988662,,38847272727272724,,,14.313488669168736,0.543720462341137,12.331682941663841,11.56081421896488,4.197691580180039,6.783217559374589,13.676173028206348,6.153822030492895,,,
